sample_ID,genus,species,culture_ID,source,class,salinity,date_sequenced,multiplex_pool,num_reads (F+R),num_corrected_bases,num_dropped_reads,percent_diatom_LSU,percent_diatom_SSU,percent_TOL_SSU,num_nuclear_read_pairs,bbmerge_setting,percent_merged,Assembled contigs,Assembled bases,Assembly GC,Contig N50,Percent good mappings,Percent Phaeo CRBB,Transrate score,BUSCOs (complete+fragmented),BUSCOs (percent),18S contaminants
bolido,Bolidomonas,pacifica,CCMP1866,Alverson lab,Bolidophyceae,marine,2012-10-01,1,"364,788,316","55,562,413","4,162,985",0.22,0.11,0.16,"164,491,778",vstrict,4.0,"44,636","50,826,082",0.51,1740,91,48.2,0.28,310,72.3,
hemi,Hemiaulus,sinensis,24i10-1A,Alverson lab,Mediophyceae,marine,2012-10-01,2,"424,212,422","89,370,680","9,011,830",0.25,0.19,0.28,"183,785,046",vstrict,2.0,"51,392","59,238,577",0.41,1957,83,64.9,0.24,330,76.9,
lepto,Leptocylindrus,danicus,ECT3929,Alverson lab,Coscinodiscophyceae,marine,2012-10-01,3,"401,214,814","52,968,439","6,010,075",0.28,0.28,0.43,"179,097,954",vstrict,1.7,"50,545","63,000,252",0.41,2394,88,55.7,0.21,331,77.2,
nitz2144,Nitzschia,sp.,CCMP2144,Alverson lab,Bacillariophyceae (raphid),marine,2013-05-01,1,"139,348,230","12,620,679","32,127",0.85,0.21,0.32,"67,641,756",vstrict,19.8,"63,582","65,319,153",0.43,1615,87,70.8,0.34,300,69.9,
nitz4,Nitzschia,sp.,nitz4,Alverson lab,Bacillariophyceae (raphid),marine,2013-05-01,2,"135,818,464","12,483,419","33,527",0.99,0.24,0.36,"66,005,910",vstrict,16.6,"24,330","37,526,021",0.48,2333,90,53.8,0.35,322,75.1,
R1,Triceratium,bicorne,ECT2AJA-063,Alverson lab,,,2014-09-09,1,"84,745,622","20,037,513","871,570",0.46,0.33,0.40,"38,108,784",vstrict,70.6,"102,764","72,772,348",0.56,1022,83,65.9,0.31,275,64.1,
R12,Haslea?,sp.,AJA095-3,Alverson lab,Bacillariophyceae (raphid),,2014-09-09,1,"66,596,572","16,185,970","556,896",3.76,1.75,2.48,"28,869,994",vstrict,64.6,"74,149","60,742,582",0.53,1247,90,70.1,0.44,316,73.7,
R13,Haslea,ostrearia?,AJA064-6,Alverson lab,Bacillariophyceae (raphid),,2014-09-09,1,"64,867,846","16,231,895","441,736",0.40,0.24,0.37,"29,987,485",vstrict,87.1,"33,605","19,949,241",0.46,745,77,60.3,0.35,213,49.7,
R15,Attheya,longicornis,ECT2AJA-053,Alverson lab,Mediophyceae,marine,2014-09-09,1,"62,998,826","15,904,282","574,416",2.03,1.12,1.81,"27,772,952",vstrict,64.7,"27,382","34,541,299",0.46,1937,89,65.5,0.42,293,68.3,
R17,Pleurosigma,sp.,ECT2AJA-119,Alverson lab,Bacillariophyceae (raphid),,2014-09-09,1,"69,084,740","16,070,062","483,906",0.34,0.17,0.29,"31,974,346",vstrict,70.1,"96,611","69,293,776",0.42,1012,83,69.8,0.34,271,63.2,
R18,Roundia,cardiophora,9vi08-1B,Alverson lab,Mediophyceae,marine,2014-09-09,1,"70,488,956","15,582,666","575,367",5.00,2.24,4.34,"29,709,633",vstrict,58.4,"36,353","49,697,893",0.45,2107,90,60.7,0.42,292,68.1,
R19,Gyrosigma,fasciola,ECR2AJA-02,Alverson lab,Bacillariophyceae (raphid),,2014-09-09,1,"64,068,838","15,439,707","481,872",0.56,0.31,0.57,"29,328,957",vstrict,65.6,"51,740","43,218,592",0.40,1244,85,68.8,0.39,249,58.0,
R2,Ceratualina,pelagica,ECT2AJA-066,Alverson lab,,,2014-09-09,1,"19,966,894","4,584,865","121,374",0.19,0.13,0.15,"9,355,687",vstrict,69.4,"23,962","19,972,733",0.38,1201,89,57.0,0.46,271,63.2,
R20,Rhizosolenia,setigera,ECT2AJA-026,Alverson lab,Coscinodiscophyceae,marine,2014-09-09,1,"13,370,576","3,267,360","92,185",0.14,0.08,0.15,"6,236,237",vstrict,63.4,"27,333","17,861,579",0.40,908,81,51.3,0.39,205,47.8,
R21,Podocystis,spathulatum,ECT2AJA-018,Alverson lab,,,2014-09-09,1,"50,009,408","10,804,935","416,454",2.42,0.87,1.47,"22,315,848",vstrict,63.0,"45,500","39,138,186",0.44,1303,85,62.6,0.35,293,68.3,
R3,Staurotropis,americana,ECT2AJA-090,Alverson lab,,,2014-09-09,1,"94,259,054","21,568,804","598,755",0.21,0.11,0.14,"43,996,512",vstrict,65.9,"43,129","38,456,814",0.38,1353,89,67.7,0.37,293,68.3,
R7,Actinocyclus,sp.,ECT2AJA-004,Alverson lab,Coscinodiscophyceae,,2014-09-09,1,"218,512,298","60,128,366","1,687,811",18.15,10.33,18.42,"68,585,691",vstrict,67.4,"51,920","44,507,828",0.35,1300,83,63.1,0.33,311,72.5,
R9,Lucanicum,concatenatum,ECT2AJA-106,Alverson lab,,,2014-09-09,1,"54,793,732","13,617,639","510,422",0.24,0.17,0.29,"25,082,238",vstrict,73.5,"28,533","26,979,101",0.49,1449,90,61.0,0.43,264,61.5,
R24,Psammoneis,japonica,ECT2AJA-110,Alverson lab,,marine,2015-03-20,1,"46,194,340","10,750,255","285,457",0.48,0.17,0.36,"20,450,340",vstrict,71.0,"31,639","31,286,664",0.49,1493,91,64.8,0.47,268,62.5,
R26,Discostella,pseudostelligera,AJA075-4,Alverson lab,Mediophyceae,freshwater,2015-03-20,1,"51,799,132","11,964,166","303,696",0.21,0.09,0.11,"22,967,069",vstrict,67.9,"19,929","29,607,698",0.47,2341,93,54.6,0.51,287,66.9,
R27,Proschkinia,sp.,AJA123-13,Alverson lab,,marine,2015-03-20,1,"112,220,880","25,228,014","658,445",0.49,0.29,0.37,"50,105,951",vstrict,72.5,"57,275","47,832,505",0.50,1307,83,71.8,0.28,308,71.8,
R28,Actinocyclus,subtilis,AJA125-12,Alverson lab,Coscinodiscophyceae,marine,2015-03-20,1,"49,691,156","9,289,596","194,068",0.13,0.14,0.43,"23,701,435",vstrict,67.0,"35,836","34,286,057",0.36,1418,91,55.5,0.45,297,69.2,
R29,,,ECT2AJA-137,Alverson lab,,,2015-03-20,1,"130,667,182","28,587,318","455,802",2.24,1.07,2.50,"58,345,880",vstrict,74.3,"68,752","48,500,758",0.41,1037,82,65.2,0.28,237,55.2,
R31,Urosolenia,eriensis,AJA009-22,Alverson lab,,,2015-03-20,1,"41,866,320","8,118,179","245,377",1.77,0.83,1.49,"19,054,341",vstrict,67.2,"24,871","27,914,135",0.40,1708,88,53.7,0.39,310,72.3,
R37,Eunotogramma,sp.,ECT2AJA-043,Alverson lab,Mediophyceae,,2015-03-20,1,"30,550,322","6,544,657","274,462",0.34,0.15,0.26,"12,979,528",vstrict,66.3,"78,387","42,331,771",0.53,680,72,68.0,0.19,249,58.0,
R38,Campylosira,cymbelliformis,ECT2AJA-015,Alverson lab,,,2015-03-20,1,"41,763,546","9,092,779","430,070",0.24,0.15,0.26,"18,355,515",vstrict,72.9,"80,011","47,646,996",0.55,783,76,71.0,0.22,299,69.7,
R39,Plagiogrammopsis,sp.,ECT2AJA-158,Alverson lab,,,2015-03-20,1,"49,304,938","9,790,314","422,023",0.16,0.11,0.19,"22,136,220",vstrict,63.3,"97,174","70,065,075",0.55,1051,79,71.7,0.23,306,71.3,
R41,Podosira,baldjickiana,ECT2AJA-114,Alverson lab,,,2015-03-20,1,"87,228,472","16,838,488","394,812",0.73,0.28,1.33,"39,126,901",vstrict,62.5,"64,128","49,657,755",0.47,1152,84,63.9,0.24,300,69.9,
R42,Dactyliosolen,sp.,ECT2AJA-135,Alverson lab,,,2015-03-20,1,"46,798,134","7,856,018","131,079",0.27,0.20,0.30,"22,003,931",vstrict,66.2,"29,822","30,772,820",0.40,1581,92,61.1,0.44,330,76.9,
R44,Craspedostauros,sp.,AJA096-7,Alverson lab,Bacillariophyceae (raphid),,2015-03-20,1,"41,711,014","10,229,058","343,686",4.68,2.08,4.65,"16,295,554",vstrict,65.4,"44,629","31,621,151",0.56,1102,82,60.7,0.25,241,56.2,
R45,Amphipentas,pentacrinus,ECT2AJA-055,Alverson lab,,,2015-03-20,1,"100,164,520","24,786,259","957,980",0.30,0.15,0.30,"42,044,650",vstrict,60.3,"101,705","74,828,997",0.57,1085,81,69.1,0.22,294,68.5,
R49,Odontella,longicruris,ECT2AJA-021,Alverson lab,Mediophyceae,,2015-03-20,1,"48,021,634","14,082,167","492,708",6.95,4.23,9.18,"17,000,260",vstrict,65.4,"58,499","39,434,717",0.56,943,85,64.2,0.40,244,56.9,
R50,Odontella,aurita v. minima,ECT2AJA-076,Alverson lab,Mediophyceae,,2015-03-20,1,"40,644,214","12,912,649","417,029",2.48,1.46,3.51,"15,770,810",vstrict,59.3,"70,998","47,075,327",0.56,926,80,65.1,0.34,248,57.8,
R51,Endictya,oceanica,ECT2AJA-145,Alverson lab,,,2015-03-20,1,"45,489,364","10,228,647","248,236",0.69,0.37,0.52,"20,227,710",vstrict,69.3,"62,263","48,064,363",0.45,1190,84,64.7,0.34,287,66.9,
R52,Trieres,sinensis,ECT2AJA-086,Alverson lab,,,2015-03-20,1,"39,475,338","11,067,439","329,703",4.49,3.04,7.05,"15,119,123",vstrict,62.5,"42,533","27,030,430",0.55,854,78,60.1,0.33,212,49.4,
R8,Florella,pascuensis,ECT2AJA-112,Alverson lab,,,2015-03-20,1,"44,984,438","10,352,073","430,230",1.94,1.10,1.81,"19,736,764",vstrict,74.8,"29,520","26,155,693",0.51,1322,89,63.7,0.46,293,68.3,
R46,Rhoiconeis,pagoensis,ECT2AJA-122,Alverson lab,Bacillariophyceae (raphid),,2015-07-03,1,"36,887,498","8,079,616","143,085",0.88,0.39,0.56,"17,363,546",vstrict,76.8,"45,647","32,743,414",0.49,1055,81,52.2,0.36,187,43.6,fungus
R47,Melosira,sp.,ECT2AJA-048,Alverson lab,Coscinodiscophyceae,,2015-07-03,1,"38,911,242","8,314,588","109,383",2.09,1.09,1.79,"18,105,999",vstrict,76.7,"50,956","33,890,624",0.40,940,78,52.6,0.29,209,48.7,
R54,Trigonium,formosum,ECT2AJA-157,Alverson lab,,,2015-07-03,1,"35,466,578","7,661,799","110,520",0.72,0.27,0.42,"16,894,870",vstrict,76.9,"38,021","23,345,025",0.44,802,79,54.5,0.31,195,45.5,Quercus
R55,Craticula,ambigua,AJA093-3,Alverson lab,Bacillariophyceae (raphid),,2015-07-03,1,"36,539,002","8,006,757","144,786",3.72,1.70,2.42,"16,403,884",vstrict,75.1,"28,955","19,872,082",0.48,966,80,50.7,0.34,173,40.3,
R60,Donkinia,sp.,AJA136-2,Alverson lab,,,2015-07-03,1,"37,477,392","8,364,033","114,332",0.37,0.19,0.30,"17,908,816",vstrict,74.0,"53,564","34,218,834",0.41,860,79,63.9,0.29,219,51.1,
R61,Acanthoceras,zarchariasii,ECT2AJA-036,Alverson lab,,,2015-07-03,1,"38,923,772","7,895,517","118,455",0.27,0.11,0.43,"18,654,709",vstrict,68.2,"26,777","36,772,422",0.42,2259,89,53.1,0.41,316,73.7,
R63,Neidium,affine v. longiceps,AJA091-5,Alverson lab,Bacillariophyceae (raphid),,2015-07-03,1,"40,567,076","8,915,222","166,647",8.82,5.42,9.20,"16,103,778",vstrict,76.5,"28,276","19,846,815",0.49,1014,84,53.0,0.39,161,37.5,
R65,Diatoma,tenuis,AJA075-18,Alverson lab,,freshwater,2015-07-03,1,"32,200,914","7,149,508","127,932",12.06,5.67,11.91,"12,010,598",vstrict,75.9,"25,603","20,174,513",0.49,1125,84,65.9,0.45,245,57.1,
R66,Geissleria,decussis,AJA076-1,Alverson lab,,,2015-07-03,1,"45,656,998","8,981,631","105,895",2.48,1.05,1.75,"21,224,120",vstrict,68.3,"38,729","30,832,786",0.38,1228,88,66.6,0.34,267,62.2,
R67,Encyonema,lunata,AJA076-6,Alverson lab,Bacillariophyceae (raphid),,2015-07-03,1,"41,205,386","7,740,657","105,681",3.98,2.07,3.84,"18,441,588",vstrict,63.7,"42,516","34,896,930",0.40,1297,84,58.8,0.34,231,53.9,
R68,Sellaphora,capitata,AJA076-8,Alverson lab,Bacillariophyceae (raphid),,2015-07-03,1,"39,234,366","7,626,311","129,559",0.20,0.10,0.14,"18,757,885",vstrict,62.3,"44,944","36,507,748",0.48,1190,85,70.9,0.33,298,69.5,
R69,Pinnularia,borealis,AJA083-6,Alverson lab,Bacillariophyceae (raphid),,2015-07-03,1,"41,512,148","8,257,075","128,573",0.18,0.06,0.10,"19,901,201",vstrict,62.3,"24,392","23,751,523",0.45,1489,87,63.8,0.40,274,63.9,
R71,Lampriscus,shadboltianum,ECT2AJA-054,Alverson lab,,,2015-07-03,1,"40,411,420","7,792,479","112,908",0.18,0.07,0.11,"19,429,581",vstrict,62.3,"49,233","42,237,734",0.44,1302,83,62.6,0.32,281,65.5,
R72,Mastodiscus,radiatus,ECT2AJA-064,Alverson lab,,,2015-07-03,1,"47,484,022","11,254,640","285,582",0.54,0.53,0.71,"21,819,766",vstrict,65.1,"80,796","53,922,458",0.59,946,80,69.7,0.28,305,71.1,
R74,Gomphonema,subclavatum,AJA090-1,Alverson lab,Bacillariophyceae (raphid),,2015-07-03,1,"40,717,666","8,117,030","88,200",5.82,2.76,4.24,"17,901,268",vstrict,69.2,"37,616","29,106,866",0.38,1181,85,62.7,0.32,258,60.1,
R76,Staurosira,sp.,AJA077-1,Alverson lab,,,2015-07-03,1,"36,962,452","7,687,614","127,685",0.50,0.17,0.25,"17,595,759",vstrict,62.6,"27,989","28,442,697",0.49,1490,87,69.2,0.37,327,76.2,
L120,Serratifera,varisterna,ECT2AJA-040,Alverson lab,,,2015-12-30,1,"50,624,124","8,549,029","60,153",0.09,0.03,0.07,"24,613,394",vstrict,49.0,"48,514","41,747,832",0.47,1254,85,72.1,0.28,296,69.0,
L121,Psammodictyon,sp.,AJA096-17,Alverson lab,,,2015-12-30,1,"55,841,350","9,732,702","68,071",0.08,0.06,0.08,"27,025,476",vstrict,42.5,"72,605","74,268,202",0.42,1562,90,73.0,0.30,319,74.4,
L122,Eunotia,naegelii,FD354,Alverson lab,Bacillariophyceae (raphid),,2015-12-30,1,"56,706,630","9,840,422","67,310",0.09,0.08,0.10,"27,587,490",vstrict,48.8,"54,765","50,633,063",0.49,1390,88,67.9,0.30,312,72.7,
L123,Oxyamphora,laevissima,JPK2AJA-03,Alverson lab,,,2015-12-30,1,"98,703,070","19,247,371","202,950",0.14,0.12,0.18,"47,687,955",vstrict,44.5,"59,258","66,887,771",0.50,1650,88,72.2,0.32,325,75.8,
L124,Mastogloia,exigua,AJA113-4,Alverson lab,Bacillariophyceae (raphid),,2015-12-30,1,"67,906,298","12,625,215","97,439",0.19,0.08,0.22,"32,740,771",vstrict,40.7,"87,472","71,511,046",0.54,1233,87,67.1,0.26,331,77.2,
L99,Punctastriata,sp.,AJA075-19,Alverson lab,,,2015-12-30,1,"63,016,662","10,102,014","80,465",0.19,0.03,0.04,"30,585,404",vstrict,47.7,"53,685","48,860,186",0.50,1311,79,71.5,0.26,326,76.0,
L100,Ctenophora,pulchella,AJA081-13,Alverson lab,,,2015-12-30,2,"56,131,422","9,915,400","109,336",1.09,0.63,1.26,"26,725,909",vstrict,58.8,"37,942","32,077,509",0.45,1237,90,68.9,0.31,293,68.3,
L101,Ulnaria,acus,AJA087-4,Alverson lab,Bacillariophyceae (araphid),,2015-12-30,2,"59,917,030","9,051,403","123,528",0.15,0.04,0.10,"29,088,414",vstrict,61.5,"33,589","26,460,776",0.42,1129,87,64.1,0.30,262,61.1,
L102,Ulnaria,contracta,AJA089-3,Alverson lab,Bacillariophyceae (araphid),,2015-12-30,2,"61,974,394","8,689,204","83,180",0.81,0.41,1.08,"29,698,709",vstrict,51.6,"38,197","32,205,713",0.42,1203,86,65.7,0.29,287,66.9,
L103,Papiliocellulus,elegans,CCMP3125,Alverson lab,,,2015-12-30,2,"59,907,320","8,650,940","59,240",0.30,0.11,0.17,"29,152,568",vstrict,57.6,"41,908","47,125,376",0.50,1634,92,66.8,0.36,311,72.5,
L104,Actinoptychus,splendens,ECT2AJA-030,Alverson lab,,,2015-12-30,2,"59,004,302","9,721,430","71,509",0.13,0.04,0.06,"28,726,235",vstrict,53.9,"92,621","65,992,029",0.43,1035,80,65.8,0.23,312,72.7,
L105,Pleurosira,laevis f. polymorpha,ECT2AJA-028,Alverson lab,,,2015-12-30,2,"65,039,392","10,158,637","78,883",0.14,0.07,0.08,"31,546,474",vstrict,41.4,"64,120","66,486,309",0.53,1636,90,67.3,0.29,314,73.2,
L106,Leyanella,arenaria,CCMP471,Alverson lab,,,2015-12-30,2,"69,926,000","9,503,646","60,503",0.18,0.05,0.16,"34,093,538",vstrict,65.5,"57,590","47,845,135",0.51,1199,88,68.4,0.28,305,71.1,
L107,Talaroneis,posidoniae,CCMP2565,Alverson lab,,,2015-12-30,2,"56,862,718","8,698,668","54,041",0.16,0.07,0.09,"27,705,443",vstrict,47.1,"36,947","47,217,312",0.49,1958,92,67.5,0.34,330,76.9,
L108,Helicotheca,tamensis,CCMP1687,Alverson lab,,,2015-12-30,2,"57,846,670","7,004,978","54,465",0.06,0.05,0.08,"28,228,068",vstrict,53.4,"40,307","32,910,649",0.43,1173,85,61.1,0.23,254,59.2,
L109,Stephanopyxis,turris,CCMP1819,Alverson lab,,,2015-12-30,2,"57,645,250","8,083,284","95,511",0.12,0.05,0.07,"28,079,948",vstrict,45.7,"62,299","59,217,624",0.43,1452,88,67.7,0.30,316,73.7,
L110,Porosira,pseudodenticulata,CCMP1433,Alverson lab,Mediophyceae,,2015-12-30,2,"55,233,258","7,622,707","63,620",0.39,0.10,0.11,"26,771,423",vstrict,45.7,"58,222","53,573,412",0.54,1420,87,64.1,0.27,313,73.0,
L111,Tryblionella,levidensis,AJA077-10,Alverson lab,,,2015-12-30,2,"67,849,896","9,413,152","72,510",0.14,0.10,0.35,"32,790,251",vstrict,54.3,"55,414","44,351,905",0.44,1186,87,68.3,0.26,289,67.4,
L112,Achnanthes,brevipes,AJA095-2,Alverson lab,Bacillariophyceae (raphid),,2015-12-30,2,"71,274,418","11,369,852","81,709",0.14,0.13,0.16,"34,598,965",vstrict,54.5,"91,481","68,388,407",0.55,1093,84,69.4,0.24,345,80.4,
L113,Surirella,striatula,AJA107-13,Alverson lab,Bacillariophyceae (raphid),,2015-12-30,2,"57,171,568","7,341,725","56,893",0.08,0.03,0.07,"27,854,585",vstrict,47.7,"91,356","68,153,204",0.42,1058,85,71.5,0.27,366,85.3,
L114,Navicula,sp.,AJA104-13,Alverson lab,Bacillariophyceae (raphid),,2015-12-30,2,"59,223,148","9,891,045","71,845",0.54,0.27,0.47,"28,559,626",vstrict,51.4,"91,665","72,697,977",0.53,1170,88,73.5,0.29,350,81.6,
L115,Rhopalodia,sp.,AJA109-1,Alverson lab,,,2015-12-30,2,"58,951,472","10,523,506","87,328",1.17,0.60,1.61,"27,892,257",vstrict,43.4,"48,203","52,164,198",0.46,1742,91,67.1,0.31,273,63.6,
L116,Cymatosira,belgica,ECT2AJA-019,Alverson lab,Mediophyceae,,2015-12-30,2,"49,970,778","9,777,737","80,503",0.06,0.03,0.04,"24,137,738",vstrict,35.8,"113,327","106,894,138",0.59,1414,86,71.6,0.29,357,83.2,
L117,Fallacia,pygmaea,AJA103-1,Alverson lab,,,2015-12-30,2,"55,864,066","8,701,635","83,436",0.07,0.03,0.04,"27,187,577",vstrict,39.4,"95,380","78,091,305",0.45,1221,88,73.9,0.28,351,81.8,
L118,Navicula,sp.,AJA096-19,Alverson lab,Bacillariophyceae (raphid),,2015-12-30,2,"56,180,178","9,190,552","67,208",0.16,0.09,0.13,"27,322,477",vstrict,51.9,"51,702","45,672,151",0.48,1302,90,70.5,0.32,275,64.1,
L119,Stauroneis,gracilis,AJA116-14,Alverson lab,,,2015-12-30,2,"57,602,714","10,114,040","71,629",0.04,0.02,0.04,"28,010,414",vstrict,51.0,"57,608","43,814,800",0.48,1102,85,68.9,0.27,299,69.7,
L126,Biremis,ambigua,AJA141-9,Alverson lab,,,2016-12-30,1,"38,590,948","7,870,385","51,190",0.22,0.05,0.07,"18,728,157",vstrict,42.1,"52,487","44,401,536",0.53,1296,87,71.9,0.25,284,66.2,
L127,Aulacoseira,sp.,AJA048-43,Alverson lab,Coscinodiscophyceae,,2016-12-30,1,"54,136,196","8,191,958","23,393",0.15,0.07,0.17,"26,496,113",vstrict,58.4,"30,470","30,930,451",0.43,1468,90,57.2,0.30,315,73.4,
L128,Protokeelia,sp.,AJA141-3,Alverson lab,Bacillariophyceae (raphid),,2016-12-30,1,"49,434,356","8,668,782","24,652",0.11,0.11,0.20,"24,100,522",vstrict,45.3,"57,003","61,728,357",0.50,1791,90,70.6,0.29,301,70.2,
L130,Navicula,sp.,AJA124-3,Alverson lab,Bacillariophyceae (raphid),,2016-12-30,1,"59,116,350","8,083,076","26,275",0.15,0.10,0.17,"28,935,197",vstrict,60.0,"102,306","77,586,375",0.50,1099,85,70.4,0.26,285,66.4,
L131,Navicula,salinarium?,AJA076-9,Alverson lab,Bacillariophyceae (raphid),,2016-12-30,1,"55,438,596","9,002,946","25,413",0.07,0.09,0.12,"26,707,009",vstrict,54.0,"52,120","47,154,165",0.49,1297,88,72.3,0.33,319,74.4,
L132,Orizaformis,holarctica,CCMP143,Alverson lab,,,2016-12-30,1,"52,585,934","6,928,745","23,494",0.11,0.09,0.12,"25,755,667",vstrict,63.0,"46,595","38,961,014",0.49,1135,83,71.4,0.25,315,73.4,
L133,Brockmanniella,brockmannii,CCMP151,Alverson lab,,,2016-12-30,1,"56,869,740","12,560,484","35,024",0.88,12.25,12.50,"23,681,669",vstrict,54.6,"54,053","67,097,317",0.56,1866,87,68.7,0.35,323,75.3,
L134,Synedropsis,sp.,CCMP2745,Alverson lab,,,2016-12-30,1,"56,811,118","11,887,331","30,651",2.54,2.21,2.72,"25,907,615",vstrict,53.4,"39,525","44,104,247",0.48,1723,91,74.4,0.32,325,75.8,
L135,Hippodonta,,SZCZ_P_1036,Alverson lab,,,2016-12-30,1,"65,179,188","12,676,213","33,478",4.18,1.35,2.74,"29,774,778",vstrict,51.2,"96,105","80,401,061",0.53,1294,90,74.7,0.34,379,88.3,
L136,Astartiella,,SZCZ_Ch_151,Alverson lab,,,2016-12-30,1,"54,791,608","11,306,298","30,748",2.32,1.78,3.73,"24,611,764",vstrict,52.8,"57,185","51,002,918",0.50,1409,87,75.4,0.29,309,72.0,
L137,Decussata,placenta,TN2AJA-01,Alverson lab,,,2016-12-30,1,"49,775,052","9,524,938","28,331",1.28,1.76,2.78,"23,073,492",vstrict,44.2,"56,593","66,249,861",0.48,1874,88,72.9,0.32,309,72.0,
L138,Pseudosolenia,calcar-avis,ECT2AJA-016,Alverson lab,,,2016-12-30,1,"52,926,754","10,297,364","24,738",1.11,0.35,0.85,"25,070,490",vstrict,45.1,"45,178","59,317,553",0.44,1961,89,60.9,0.31,323,75.3,
L139,Pseudoauliscus,peruvianus,ECT2AJA-078,Alverson lab,,,2016-12-30,1,"58,796,000","13,379,052","45,752",2.74,2.29,4.98,"25,992,566",vstrict,50.2,"132,294","108,333,027",0.61,1288,82,71.2,0.25,325,75.8,
L140,raphid,sp.,AJA198-03,Alverson lab,Bacillariophyceae (raphid),,2016-12-30,1,"51,729,978","11,298,480","45,226",2.19,2.03,3.17,"23,525,786",vstrict,51.3,"43,582","42,074,714",0.47,1449,88,76.2,0.33,306,71.3,
L141,Tenuicylindrus,belgicus,AJA208-06,Alverson lab,Coscinodiscophyceae,,2017-04-10,1,"51,093,958","13,297,805","47,767",0.95,0.61,0.75,"23,934,355",vstrict,40.7,"44,224","49,961,950",0.39,1790,82,59.7,0.26,319,74.4,
L142,Cerataulina,dentata,AJA212-03,Alverson lab,,,2017-04-10,1,"53,354,834","13,492,881","46,419",1.29,2.09,2.44,"24,629,982",vstrict,40.8,"31,253","38,914,542",0.40,1791,90,62.9,0.36,298,69.5,
L143,Grammonema,striatula,CCMP1094,Alverson lab,,,2017-04-10,1,"53,262,212","13,802,223","53,552",3.56,3.04,3.97,"23,198,152",vstrict,45.1,"48,280","53,420,840",0.47,1733,88,74.7,0.33,320,74.6,
L144,Thalassiophysa,hyalina,ECR2AJA-06,Alverson lab,,,2017-04-10,1,"48,378,564","13,024,901","46,266",2.82,1.87,3.76,"21,587,239",vstrict,43.7,"45,778","56,504,737",0.51,1926,91,72.6,0.37,308,71.8,
L145,Asterionella,formosa,AJA081-14,Alverson lab,Bacillariophyceae (araphid),,2017-04-10,1,"43,438,784","10,663,527","44,622",1.53,1.11,1.79,"20,062,568",vstrict,48.3,"22,664","28,264,354",0.46,1731,88,71.5,0.38,328,76.5,
L146,Biddulphia,alternans,ECT2AJA-027,Alverson lab,Mediophyceae,,2017-04-10,1,"51,945,106","15,388,040","63,124",1.61,7.14,7.62,"22,375,256",vstrict,42.4,"118,955","104,515,782",0.54,1379,84,71.7,0.28,326,76.0,
L147,Licmophora,sp.,ECT2AJA-057,Alverson lab,,,2017-04-10,1,"49,181,552","16,905,169","122,540",2.21,3.53,4.70,"21,504,969",vstrict,41.9,"40,065","54,158,957",0.50,2057,93,71.4,0.36,331,77.2,
L148,Achnanthidium,minutissimum,FD330,Alverson lab,Bacillariophyceae (raphid),,2017-04-10,1,"45,912,948","13,206,349","55,016",1.65,1.22,1.55,"20,994,798",vstrict,45.6,"25,799","51,707,807",0.48,3150,92,58.3,0.40,325,75.8,
L151,Haslea,sp.,ECT2AJA-179,Alverson lab,Bacillariophyceae (raphid),,2017-04-10,1,"52,336,574","13,961,850","49,440",0.93,1.19,1.32,"24,424,437",vstrict,47.6,"66,931","73,975,643",0.47,1908,91,65.7,0.37,261,60.8,
L152,Diprora,haenaensis,JPK2AJA-02,Alverson lab,Bacillariophyceae (raphid),,2017-04-10,1,"41,348,000",0,"33,848",0.63,0.54,1.20,"19,409,312",vstrict,68.6,"25,566","33,215,368",0.48,1919,89,62.4,0.35,316,73.7,
L153,Opephora,sp.,ECT2AJA-065,Alverson lab,,,2017-04-10,1,"44,762,014","13,891,297","58,913",0.64,0.91,1.28,"20,671,729",vstrict,46.0,"52,913","57,196,917",0.48,1590,88,74.9,0.37,338,78.8,
L155,Pseudostaurosira,sp.,ECT2AJA-186,Alverson lab,,,2017-04-10,1,"51,215,858","14,610,780","55,344",1.42,0.74,0.98,"23,750,870",vstrict,46.5,"48,456","53,185,505",0.47,1686,90,74.3,0.35,330,76.9,
L156,Chaetoceros,danicus,JR2AJA-C8,Alverson lab,Mediophyceae,,2017-04-10,1,"62,203,782","16,016,979","57,396",1.00,1.23,1.30,"29,132,873",vstrict,44.7,"52,641","68,979,835",0.42,1941,90,63.5,0.33,321,74.8,
L157,Chaetoceros,cf. convexicornis,JR2AJA-D3,Alverson lab,Mediophyceae,,2017-04-10,1,"54,151,226","15,583,982","52,666",1.00,0.72,0.80,"25,366,448",vstrict,40.3,"49,369","67,982,425",0.43,2025,91,63.8,0.33,323,75.3,
L154,Chaetoceros,constrictus,JR2AJA-B6,Alverson lab,Mediophyceae,,2017-06-23,1,"45,656,856","18,722,766","166,755",0.65,1.54,1.75,"20,863,225",vstrict,35.5,"35,579","43,950,990",0.38,1931,91,62.7,0.33,296,69.0,
L160,Cocconeis,neodiminuta,SZCZ_E_00618,Alverson lab,Bacillariophyceae (raphid),,2017-06-23,1,"45,173,942","15,698,555","62,707",0.47,1.15,1.49,"20,909,439",vstrict,35.6,"40,569","50,874,849",0.48,1965,92,72.2,0.31,333,77.6,
L163,Protokeelia,sp.,ECR2AJA-07,Alverson lab,Bacillariophyceae (raphid),,2017-06-23,1,"59,046,752","17,889,285","87,146",1.16,1.33,2.07,"27,265,650",vstrict,38.3,"68,871","76,494,299",0.50,1769,91,74.2,0.31,314,73.2,
L164,Bellerochea,sp.,AJA141-15,Alverson lab,Mediophyceae,,2017-06-23,1,"50,780,292","15,575,561","58,503",1.49,2.79,3.30,"23,023,582",vstrict,41.7,"42,250","55,489,001",0.43,1958,93,68.1,0.39,318,74.1,
L165,Parlibellus,cf. delognei,ECT2AJA-152,Alverson lab,,,2017-06-23,1,"61,045,330","19,746,405","80,321",1.61,4.69,6.09,"26,769,658",vstrict,41.3,"71,242","66,630,799",0.43,1500,87,75.9,0.26,309,72.0,
L167,Plagiostriata,sp.,SZCZ_Ch_1550,Alverson lab,,,2017-06-23,1,"59,010,698","17,539,295","85,233",0.88,1.19,1.38,"27,242,423",vstrict,40.5,"46,658","53,863,406",0.50,1859,93,74.1,0.30,333,77.6,
L168,Biddulphia,reticulum,ECT2AJA-069,Alverson lab,Mediophyceae,,2017-06-23,1,"55,979,146","23,415,048","108,074",0.60,2.21,2.51,"25,128,742",vstrict,31.5,"97,773","99,515,540",0.54,1619,86,71.0,0.28,325,75.8,
L169,Tetramphora,sp.,AJA117-6,Alverson lab,,,2017-06-23,1,"57,558,050","18,551,327","82,388",2.35,3.53,3.98,"25,451,065",vstrict,43.5,"34,636","32,289,024",0.48,1439,90,64.3,0.31,252,58.7,
L170,Cerataulina,pelagica,ECT2AJA-066,Alverson lab,,,2017-06-23,1,"51,628,654","14,304,552","62,210",1.16,4.29,4.42,"23,301,576",vstrict,29.7,"27,916","36,381,718",0.38,1861,91,63.2,0.34,317,73.9,
L174,Cyclostephanos,sp.,AJA066-13,Alverson lab,Mediophyceae,,2017-06-23,1,"49,252,564","16,512,870","86,646",0.70,1.01,1.29,"22,757,919",vstrict,44.4,"34,013","48,121,377",0.52,2087,92,60.6,0.32,316,73.7,
L175,Amblyamphora,obtusa v. crassa,JPK2AJA-04,Alverson lab,,,2017-06-23,1,"8,936,990","2,818,701","12,444",0.43,0.38,0.64,"4,204,594",vstrict,39.2,"38,865","27,503,742",0.49,1023,83,65.5,0.25,254,59.2,
L176,Staurophora,sp.,ECT2AJA-203,Alverson lab,,,2017-06-23,1,"116,745,612","33,206,917","121,004",0.82,0.85,1.44,"54,825,297",vstrict,43.4,"60,159","62,233,053",0.42,1636,90,77.5,0.31,316,73.7,
L186,Grammatophora,undulata,ECT2AJA-061,Alverson lab,,,2017-06-23,1,"50,729,514","16,005,834","78,971",1.39,1.14,1.94,"23,062,872",vstrict,40.3,"63,052","66,791,533",0.48,1716,86,72.0,0.29,301,70.2,
L177,Navicula,sp.,AJA091-1,Alverson lab,Bacillariophyceae (raphid),,2017-08-14,1,"47,894,298","21,253,457","216,856",0.37,0.98,1.14,"22,189,882",vstrict,43.6,"44,618","45,068,529",0.48,1643,93,66.1,0.34,290,67.6,
L178,Nanofrustulum,sp.,SZCZ_Ch_194,Alverson lab,,,2017-08-14,1,"51,593,362","10,913,603","66,499",1.18,1.20,1.44,"24,017,603",vstrict,48.6,"36,553","50,923,431",0.49,2052,93,72.8,0.37,330,76.9,
L181,Tabellaria,fenestrata,AJA135-1,Alverson lab,,,2017-08-14,1,"50,895,814","12,182,465","120,532",1.82,1.68,2.20,"22,627,063",vstrict,41.4,"44,948","50,470,897",0.49,1654,88,73.1,0.33,289,67.4,
L191,Plagiogramma,sp.,ECT2AJA-025,Alverson lab,,,2017-08-14,1,"53,874,298","11,617,054","56,106",1.07,0.90,1.48,"25,322,597",vstrict,40.2,"38,326","46,576,625",0.48,1791,92,75.5,0.35,331,77.2,
L192,Cocconeis,sp.,ECT2AJA-181,Alverson lab,Bacillariophyceae (raphid),,2017-08-14,1,"49,263,214","10,268,084","51,264",0.57,0.56,1.00,"23,313,920",vstrict,40.3,"53,770","73,564,861",0.46,2066,93,75.8,0.39,334,77.9,
L193,Planothidium,lanceolatum,FD7,Alverson lab,Bacillariophyceae (raphid),,2017-08-14,1,"49,332,002","11,214,821","65,642",0.99,1.06,1.36,"23,019,381",vstrict,46.0,"35,691","44,544,766",0.50,1823,92,73.6,0.35,320,74.6,
L195,Psammotaenia,lanceolata,ECT2AJA-001,Alverson lab,,,2017-08-14,1,"55,942,182","12,323,913","64,525",0.74,0.45,0.76,"26,439,391",vstrict,42.5,"78,300","75,456,142",0.51,1427,1353,76.1,4.82,344,80.2,
L196,Anorthoneis,sp.,SZCZ_P_01003,Alverson lab,,,2017-08-14,1,"51,455,240","11,070,954","58,236",0.92,0.45,0.74,"24,234,660",vstrict,42.0,"81,349","80,326,229",0.49,1646,92,76.7,0.34,353,82.3,
L201,Chaetoceros,diadema,JR2AJA-B4,Alverson lab,Mediophyceae,,2017-08-14,1,"57,326,794","10,572,455","48,259",0.71,0.67,0.94,"27,268,376",vstrict,41.5,"37,347","47,600,619",0.38,1958,91,63.6,0.34,321,74.8,
L204,Coscinodiscus,sp.,AJA212-04,Alverson lab,Coscinodiscophyceae,,2017-08-14,1,"58,430,608","13,394,069","63,128",0.95,0.95,1.65,"27,335,799",vstrict,41.6,"59,462","58,715,659",0.45,1476,90,66.6,0.31,318,74.1,
L205,Aulacodiscus,sp.,AJA224-07,Alverson lab,,,2017-08-14,1,"48,156,034","11,455,269","54,757",0.35,0.30,0.98,"22,814,026",vstrict,39.2,"61,608","57,082,374",0.45,1420,86,66.7,0.28,319,74.4,
L206,Bellerochea,yucatanensis,ECT2AJA-159,Alverson lab,Mediophyceae,,2017-08-14,1,"55,387,634","11,440,003","55,869",0.52,1.25,1.39,"26,161,140",vstrict,40.2,"58,562","63,467,749",0.44,1651,90,67.6,0.33,282,65.7,
L207,Achnanthes,,AJA136-5,Alverson lab,Bacillariophyceae (raphid),,2017-08-14,1,"57,795,844","11,502,475","48,409",0.78,0.68,1.16,"27,312,221",vstrict,35.8,"61,855","64,763,300",0.35,1720,91,75.7,0.27,315,73.4,
L217,Lithodesmium,intricatum,ECT2AJA-029,Alverson lab,Mediophyceae,,2017-08-14,1,"67,878,546","13,125,082","62,265",1.57,1.52,2.88,"31,330,828",vstrict,46.1,"53,278","67,678,906",0.43,2000,90,69.0,0.32,331,77.2,
L183,Microtabella,interrupta,ECT2AJA-083,Alverson lab,,,2017-08-14,2,"42,342,342","11,339,169","45,329",3.43,3.36,4.07,"18,959,511",vstrict,40.3,"42,550","51,874,023",0.48,1865,88,71.8,0.33,306,71.3,
L184,Rhizosolenia,imbricata,ECT2AJA-126,Alverson lab,Coscinodiscophyceae,,2017-08-14,2,"59,777,290","16,094,298","83,572",0.99,0.67,6.04,"26,775,994",vstrict,41.7,"52,587","61,262,580",0.51,1784,85,63.7,0.29,319,74.4,
L194,Fragilariforma,virescens,FD291,Alverson lab,,,2017-08-14,2,"54,887,238","14,552,791","59,021",1.05,1.17,1.42,"25,862,110",vstrict,44.3,"32,071","39,683,537",0.49,1826,88,71.4,0.34,334,77.9,
L197,Dimeregramma,sp.,ECT2AJA-034,Alverson lab,,,2017-08-14,2,"70,983,756","18,097,748","73,523",0.82,1.10,1.62,"33,305,973",vstrict,43.8,"42,979","51,141,825",0.49,1808,91,74.5,0.34,337,78.6,
L198,Biddulphia,tridens,ECT2AJA-080,Alverson lab,Mediophyceae,,2017-08-14,2,"61,904,674","17,774,769","78,193",0.79,1.96,3.14,"28,411,235",vstrict,39.4,"124,243","113,299,765",0.52,1460,86,73.5,0.27,336,78.3,
L199,Seminavis,sp.,ECT2AJA-125,Alverson lab,,,2017-08-14,2,"51,717,986","13,323,943","57,117",1.50,2.36,3.32,"23,652,553",vstrict,42.0,"91,856","91,091,699",0.50,1661,90,73.7,0.31,314,73.2,
L200,Bacillaria,paxillifera,AJA110-15,Alverson lab,Bacillariophyceae (raphid),,2017-08-14,2,"51,599,554","13,594,034","49,488",0.67,1.37,1.66,"24,301,255",vstrict,41.5,"39,260","43,808,461",0.45,1824,90,68.1,0.31,280,65.3,
L202,Chaetoceros,didymus,JR2AJA-B12,Alverson lab,Mediophyceae,,2017-08-14,2,"52,293,634","12,236,536","41,691",0.75,1.64,2.08,"24,637,660",vstrict,42.4,"32,493","42,127,207",0.40,1989,90,64.2,0.34,318,74.1,
L208,Terpsinoe,americana,ECT2AJA-024,Alverson lab,,,2017-08-14,2,"49,402,104","13,083,796","45,463",0.95,2.77,3.21,"22,812,126",vstrict,42.5,"72,003","78,009,177",0.47,1740,88,70.2,0.30,321,74.8,
L210,Naviculoid,,ECT2AJA-163,Alverson lab,Bacillariophyceae (raphid),,2017-08-14,2,"53,194,382","19,296,773","153,769",0.34,0.72,0.85,"25,055,212",vstrict,41.8,"48,019","58,551,737",0.40,1908,92,74.1,0.35,321,74.8,
L212,Paralia,sp.,ECT2AJA-097,Alverson lab,Coscinodiscophyceae,,2017-08-14,2,"53,162,708","14,717,524","60,551",0.59,1.68,2.22,"24,781,561",vstrict,50.9,"105,534","123,380,968",0.55,1881,89,68.9,0.35,324,75.5,
L216,Grammatophora,macilenta,ECT2AJA-099,Alverson lab,,,2017-08-14,2,"60,774,510","16,876,255","62,273",1.05,1.09,1.36,"28,705,288",vstrict,41.1,"96,047","81,016,890",0.50,1425,82,72.3,0.22,297,69.2,
L230,Meridion,circulare,AJA220-13,Alverson lab,Bacillariophyceae (araphid),,2017-08-14,2,"51,352,920","14,048,449","51,862",0.95,1.18,1.68,"23,885,200",vstrict,46.5,"23,194","29,838,606",0.45,1795,91,70.3,0.37,330,76.9,
L233,Eunotogramma,sp.,ECT2AJA-043,Alverson lab,,,2017-08-14,2,"47,755,152","13,662,425","62,281",0.64,0.79,0.92,"22,483,253",vstrict,41.3,"80,994","100,511,996",0.54,1916,90,71.8,0.33,327,76.2,
L185,Sternimirus,sp.,SZCZ_E_01475,Alverson lab,,,2017-08-14,3,"57,692,094","12,683,584","59,482",3.06,7.21,8.75,"24,712,129",vstrict,38.9,"34,727","36,114,585",0.50,1588,92,73.1,0.37,267,62.2,
L213,Paralia,sp.,ECT2AJA-128,Alverson lab,Coscinodiscophyceae,,2017-08-14,3,"46,449,166","10,931,036","50,280",0.41,1.22,1.57,"21,880,637",vstrict,44.8,"85,891","107,969,642",0.55,1980,91,68.2,0.37,332,77.4,
L218,Navicula,sp.,ECR2AJA-08,Alverson lab,Bacillariophyceae (raphid),,2017-08-14,3,"48,775,454","10,832,000","46,371",0.83,1.20,1.31,"22,660,624",vstrict,50.3,"78,076","77,928,235",0.47,1591,89,74.0,0.35,298,69.5,
L219,Berkeleya,sp.,SZCZ_Ch_01306,Alverson lab,,,2017-08-14,3,"47,628,992","11,296,200","52,870",0.85,2.78,3.49,"21,759,096",vstrict,47.9,"41,093","45,213,454",0.52,1645,89,78.1,0.37,332,77.4,
L226,Eunotia,sp.,AJA220-25,Alverson lab,Bacillariophyceae (raphid),,2017-08-14,3,"53,617,366","11,293,359","45,748",0.63,2.13,2.31,"25,024,704",vstrict,49.7,"40,935","45,831,140",0.49,1744,92,69.2,0.38,318,74.1,
L231,Denticula,sp.,ECR2AJA-04,Alverson lab,,,2017-08-14,3,"45,969,956","13,779,888","122,278",1.19,1.20,1.53,"21,223,819",vstrict,41.6,"48,591","53,239,982",0.45,1727,90,71.6,0.32,315,73.4,
L232,Hyalodiscus,stelliger,ECT2AJA-156,Alverson lab,,,2017-08-14,3,"47,559,398","10,757,497","50,293",0.66,3.28,3.54,"21,794,069",vstrict,42.2,"83,433","65,851,353",0.53,1329,87,59.2,0.25,265,61.8,
L234,Diploneis,sp.,ECT2AJA-154,Alverson lab,,,2017-08-14,3,"49,605,244","11,762,547","57,030",0.50,0.43,0.70,"23,575,230",vstrict,40.6,"101,127","87,447,496",0.57,1410,87,77.4,0.25,319,74.4,
L238,Castoridens,striata,ECT2AJA-002,Alverson lab,,,2017-08-14,3,"56,436,510","13,616,399","106,749",1.59,0.74,0.96,"25,876,918",vstrict,43.2,"48,750","58,617,809",0.51,1770,87,75.3,0.32,346,80.7,
L239,Neofragilaria,cf. nicorbarica,ECT2AJA-056,Alverson lab,Bacillariophyceae (araphid),,2017-08-14,3,"62,404,370","14,124,765","55,902",0.99,0.79,1.27,"29,346,855",vstrict,42.5,"43,401","59,855,251",0.47,1996,92,73.3,0.37,328,76.5,
L240,Caloneis,sp.,AJA131-9,Alverson lab,Bacillariophyceae (raphid),,2017-08-14,3,"49,851,884","12,060,226","52,193",1.01,0.60,1.35,"23,321,162",vstrict,42.3,"61,338","66,631,357",0.52,1837,90,69.8,0.31,269,62.7,
L241,Toxarium,undulatum,ECT3802,Alverson lab,Mediophyceae,,2017-08-14,3,"64,370,920","15,004,328","60,305",0.53,5.70,6.39,"28,915,477",vstrict,42.4,"54,884","67,155,408",0.52,2026,90,63.0,0.31,328,76.5,
L243,Cyclophora,tabellariformis,ECT2AJA-170,Alverson lab,,,2017-08-14,3,"57,896,266","13,968,665","75,471",2.94,2.88,3.65,"25,958,182",vstrict,37.3,"42,277","51,175,978",0.52,1898,89,68.6,0.30,284,66.2,
L246,Guinardia,striata,ECT2AJA-012,Alverson lab,,,2017-08-14,3,"56,459,512","11,539,570","42,928",0.47,0.19,0.36,"27,150,233",vstrict,36.8,"37,325","45,694,669",0.36,1970,92,63.0,0.28,335,78.1,
L214,Naviculoid,sp.,AJA123-27,Alverson lab,Bacillariophyceae (raphid),,2017-09-13,1,"63,764,366","14,248,838","72,362",0.47,0.35,0.52,"30,662,281",vstrict,45.5,"83,313","76,708,478",0.50,1484,90,63.3,0.30,287,66.9,
L221,Iconella,curvula,ECR2AJA-12,Alverson lab,Bacillariophyceae (raphid),,2017-09-13,1,"40,552,022","10,254,452","74,787",0.73,1.08,1.66,"18,931,240",vstrict,49.2,"28,905","30,994,868",0.45,1576,90,67.8,0.35,294,68.5,
L229,Amphora,sp.,AJA141-2,Alverson lab,Bacillariophyceae (raphid),,2017-09-13,1,"53,344,150","12,683,698","72,022",0.52,0.42,0.66,"25,215,340",vstrict,54.0,"96,675","82,041,484",0.57,1363,86,77.8,0.28,313,73.0,
L237,Tabularia,sp.,SZCZ_Ch_00186,Alverson lab,Bacillariophyceae (araphid),,2017-09-13,1,"45,443,808","10,666,083","53,897",1.02,0.66,1.04,"21,426,714",vstrict,44.5,"39,902","45,111,496",0.49,1724,92,74.1,0.33,327,76.2,
L249,Stellarima,microtrias,CCMP1471,Alverson lab,Coscinodiscophyceae,,2017-09-13,1,"49,880,398","12,019,329","57,767",5.48,2.63,3.93,"22,009,261",vstrict,37.2,"70,193","61,164,417",0.45,1382,86,67.2,0.25,326,76.0,
L250,Coronia,cf. decorus,ECR2AJA-10,Alverson lab,Bacillariophyceae (raphid),,2017-09-13,1,"53,093,384","13,242,044","66,243",1.85,0.88,2.44,"24,572,734",vstrict,38.6,"46,227","58,475,776",0.54,1956,93,73.5,0.34,316,73.7,
L251,Thalassiosira,profunda,ECT2AJA-044,Alverson lab,Mediophyceae,,2017-09-13,1,"62,759,784","16,699,323","95,340",2.14,4.69,5.32,"27,893,281",vstrict,38.5,"56,403","85,283,850",0.59,2161,92,65.0,0.37,339,79.0,
L252,Schizostauron,,SZCZ_E_01425,Alverson lab,Bacillariophyceae (raphid),,2017-09-13,1,"66,338,466","16,072,541","72,278",3.26,2.99,3.49,"29,758,839",vstrict,41.5,"90,517","79,327,146",0.51,1418,87,75.1,0.26,296,69.0,
L253,Surirella,striatula,ECR2AJA-13,Alverson lab,Bacillariophyceae (raphid),,2017-09-13,1,"46,398,812","12,679,450","73,059",2.34,2.79,3.33,"20,937,754",vstrict,41.9,"47,531","48,365,301",0.47,1641,86,74.9,0.29,317,73.9,
L254,Melosira,sp.,ECT2AJA-115,Alverson lab,Coscinodiscophyceae,,2017-09-13,1,"59,603,096","13,500,199","57,645",1.57,3.40,3.93,"27,242,186",vstrict,43.8,"86,387","100,372,658",0.42,1824,90,62.1,0.34,327,76.2,
L262,Cymbella,tumida,AJA226-01,Alverson lab,Bacillariophyceae (raphid),,2017-09-13,1,"49,390,762","10,290,833","46,904",4.73,2.40,6.24,"21,308,880",vstrict,51.0,"37,317","39,429,714",0.40,1774,88,66.6,0.31,280,65.3,
L267,Diploneis,sp.,AJA141-4,Alverson lab,Bacillariophyceae (raphid),,2017-09-13,1,"54,726,152","13,327,469","96,145",1.54,1.90,2.28,"24,799,634",vstrict,55.6,"78,373","69,059,178",0.52,1368,81,76.5,0.26,305,71.1,
L225,Actinella,sp.,NN2AJA-01,Alverson lab,Bacillariophyceae (raphid),,2017-09-13,2,"65,385,272","14,470,036","42,762",0.58,0.32,0.44,"31,048,063",vstrict,51.8,"38,520","44,825,415",0.47,1779,87,69.0,0.34,320,74.6,
L242,Cerataulus,turgidus,ECT2AJA-193,Alverson lab,Mediophyceae,,2017-09-13,2,"58,797,180","21,721,672","90,461",1.16,0.89,1.34,"26,763,492",vstrict,43.9,"85,984","78,481,127",0.61,1436,84,69.9,0.22,321,74.8,
L244,Neodelphineis,sp.,ECT2AJA-087,Alverson lab,Bacillariophyceae (raphid),,2017-09-13,2,"49,094,980","10,051,940","28,554",0.83,0.60,0.82,"23,297,139",vstrict,46.2,"50,988","57,437,876",0.38,1795,91,70.2,0.33,307,71.6,
L245,Eucampia,cf. cornuta,ECT2AJA-013,Alverson lab,,,2017-09-13,2,"55,529,362","11,866,029","28,361",0.68,2.97,3.26,"25,743,109",vstrict,44.3,"27,109","36,272,287",0.38,1950,93,63.8,0.37,327,76.2,
L247,Cyclotella,atomus,AJA010-33,Alverson lab,Mediophyceae,,2017-09-13,2,"40,701,946","10,716,574","126,122",7.01,0.23,0.51,"17,326,602",vstrict,47.5,"32,594","28,779,933",0.46,1271,77,60.2,0.30,268,62.5,
L255,Rhabdonema,adriaticum,ECT2AJA-060,Alverson lab,,,2017-09-13,2,"47,959,924","13,069,128","82,746",7.96,11.23,13.23,"17,681,771",vstrict,63.2,"71,088","49,288,349",0.52,968,76,67.5,0.21,272,63.4,
L256,Navicula,sp.,AJA117-3,Alverson lab,Bacillariophyceae (raphid),,2017-09-13,2,"56,093,732","13,010,861","96,608",7.74,13.82,16.55,"19,983,794",vstrict,62.5,"72,300","43,277,480",0.47,754,71,71.5,0.22,255,59.4,
L257,Cymbellonitzschia,sp.,JPK2AJA-01,Alverson lab,Bacillariophyceae (raphid),,2017-09-13,2,"46,353,280","10,475,512","147,970",8.40,8.40,12.71,"16,533,005",vstrict,65.3,"46,255","26,392,537",0.49,687,68,67.3,0.23,230,53.6,
L258,Kolbesia,sp.,SZCZ_M_1440,Alverson lab,,,2017-09-13,2,"56,799,992","11,959,675","42,312",5.25,18.84,20.70,"20,464,604",vstrict,53.3,"47,261","39,123,225",0.47,1313,89,75.0,0.29,287,66.9,
L259,Delphineis,sp.,SZCZ_Ch_183,Alverson lab,,,2017-09-13,2,"60,121,882","11,516,535","65,991",2.66,2.88,3.41,"27,236,501",vstrict,56.9,"79,448","50,597,473",0.39,863,82,64.1,0.22,236,55.0,
L260,Pseudostriatella,oceanica,AJA215-25,Alverson lab,,,2017-09-13,2,"54,361,144","11,969,812","55,753",4.29,6.44,9.65,"22,583,357",vstrict,58.7,"51,168","47,924,443",0.46,1469,83,68.6,0.29,283,66.0,
L261,Auricula,sp.,ECR2AJA-14,Alverson lab,Bacillariophyceae (raphid),,2017-09-13,2,"50,806,526","12,037,919","35,316",9.60,5.65,10.89,"19,667,529",vstrict,50.4,"63,634","56,371,792",0.51,1410,85,72.6,0.28,300,69.9,
L263,Diploneis,sp.,ECT2AJA-109,Alverson lab,Bacillariophyceae (raphid),,2017-09-13,2,"46,086,798","12,109,442","36,048",1.94,1.37,2.21,"21,002,264",vstrict,48.0,"87,287","80,442,848",0.53,1478,85,73.8,0.28,309,72.0,
L264,Ardissonea,fulgens v. gigantea,ECT2AJA-103,Alverson lab,Mediophyceae,,2017-09-13,2,"53,580,844","13,875,481","38,950",0.42,1.04,2.34,"24,694,135",vstrict,53.1,"49,939","49,861,693",0.52,1634,89,63.0,0.33,322,75.1,
L265,Campylodiscus,clypeus,ECR2AJA-11,Alverson lab,Bacillariophyceae (raphid),,2017-09-13,2,"56,048,246","13,743,340","34,247",0.68,0.61,1.05,"26,139,060",vstrict,53.0,"44,165","48,918,846",0.47,1844,88,73.3,0.30,321,74.8,
L266,Mastogloia,fimbriata,AJA123-3,Alverson lab,Bacillariophyceae (raphid),,2017-09-13,2,"49,850,940","12,129,997","47,946",0.47,0.78,1.41,"22,939,391",vstrict,55.9,"85,051","71,833,759",0.43,1418,84,71.0,0.22,288,67.1,
Amphiprora.CCMP467,Amphiprora,,CCMP467,MMETSP,,,NA,NA,"187,238,118","13,698,757","2,756",0,0,0,"92,735,105",strict,0.8,"27,496","39,301,294",0.50,2226,92,68.1,0.43,300,69.9,
Amphiprora_paludosa.CCMP125,Amphiprora,paludosa,CCMP125,MMETSP,,,NA,NA,"66,002,034","5,815,010",491,0,0,0,"32,584,466",strict,1.4,"39,374","35,287,352",0.48,1386,87,69.9,0.31,296,69.0,
Amphora_coffeaeformis.CCMP127,Amphora,coffeaeformis,CCMP127,MMETSP,,,NA,NA,"159,965,276","14,475,528",762,0,0,0,"76,686,047",strict,1.1,"27,407","26,709,394",0.49,1501,93,65.6,0.48,218,50.8,
Asterionellopsis_glacialis.CCMP134,Asterionellopsis,glacialis,CCMP134,MMETSP,,,NA,NA,"189,818,342","14,075,735","1,791",0,0,0,"62,778,263",strict,1.0,"44,486","39,584,181",0.44,1416,81,68.4,0.31,317,73.9,
Asterionellopsis_glacialis.CCMP1581,Asterionellopsis,glacialis,CCMP1581,MMETSP,,,NA,NA,"26,442,392","2,069,299",199,0,0,0,"13,137,837",strict,1.2,"29,529","25,115,894",0.42,1311,87,66.6,0.42,311,72.5,
Asterionellopsis_glacialis.MMETSP0713,Asterionellopsis,glacialis,MMETSP0713,MMETSP,,,NA,NA,"40,300,178","2,575,370","3,274",0,0,0,"19,956,253",strict,2.7,"29,292","22,562,173",0.43,1139,86,64.7,0.34,295,68.8,
Astrosyne_radiata.13vi08-1A,Astrosyne,radiata,13vi08-1A,MMETSP,,,NA,NA,"49,902,090","4,938,832",614,0,0,0,"23,241,102",strict,0.7,"33,855","26,567,906",0.49,1189,84,57.1,0.28,239,55.7,
Attheya_septotentrionalis.CCMP2084,Attheya,septotentrionalis,CCMP2084,MMETSP,,,NA,NA,"68,907,220","5,813,664","2,609",0,0,0,"34,247,756",strict,1.3,"28,830","27,681,123",0.46,1465,87,64.0,0.37,244,56.9,
Aulacoseira_subarctica.CCAP_1002_5,Aulacoseira,subarctica,CCAP_1002_5,MMETSP,Coscinodiscophyceae,,NA,NA,"54,658,046","4,842,989",148,0,0,0,"27,273,382",strict,1.4,"29,286","29,170,601",0.43,1569,79,55.5,0.35,312,72.7,
Chaetoceros_affinis.CCMP159,Chaetoceros,affinis,CCMP159,MMETSP,Mediophyceae,marine,NA,NA,"145,682,296","10,926,428","5,826",0,0,0,"72,409,820",strict,8.5,"34,868","36,193,569",0.41,1693,84,60.1,0.24,305,71.1,
Chaetoceros_brevis.CCMP164,Chaetoceros,brevis,CCMP164,MMETSP,Mediophyceae,marine,NA,NA,"18,446,420","1,306,272","5,258",0,0,0,"8,785,934",strict,0.3,"8,487","3,789,693",0.43,518,73,26.9,0.16,105,24.5,
Chaetoceros_cf_neogracile.RCC1993,Chaetoceros,cf. neogracile,RCC1993,MMETSP,Mediophyceae,marine,NA,NA,"29,886,328","2,063,776",77,0,0,0,"14,908,447",strict,1.3,"28,839","23,738,374",0.44,1196,87,61.5,0.39,291,67.8,
Chaetoceros_curvisetus.MMETSP0716-0719,Chaetoceros,curvisetus,MMETSP0716-0719,MMETSP,Mediophyceae,marine,NA,NA,"206,547,170","15,350,177","4,490",0,0,0,"54,225,477",strict,8.2,"43,353","30,450,810",0.45,1022,85,61.6,0.21,296,69.0,
Chaetoceros_debilis.MM31A-1,Chaetoceros,debilis,MM31A-1,MMETSP,Mediophyceae,marine,NA,NA,"104,236,698","7,653,981","1,356",0,0,0,"51,901,339",strict,1.4,"29,700","32,822,569",0.43,1670,88,62.6,0.37,313,73.0,
Chaetoceros_dichaeta.CCMP1751,Chaetoceros,dichaeta,CCMP1751,MMETSP,Mediophyceae,marine,NA,NA,"44,854,282","3,532,049","2,464",0,0,0,"22,256,765",strict,1.4,"37,043","24,676,736",0.44,951,82,59.6,0.29,262,61.1,
Chaetoceros_neogracile.CCMP1317,Chaetoceros,neogracile,CCMP1317,MMETSP,Mediophyceae,marine,NA,NA,"223,043,378","10,890,294",591,0,0,0,"110,728,084",strict,0.7,"33,478","39,369,098",0.37,1963,88,60.6,0.31,316,73.7,
Chaetoceros_sp.GSL56,Chaetoceros,sp,GSL56,MMETSP,Mediophyceae,marine,NA,NA,"64,021,058","4,174,930","1,726",0,0,0,"31,846,215",strict,0.6,"17,155","25,123,518",0.41,2189,91,56.6,0.44,323,75.3,
Chaetoceros_sp.UNC1202,Chaetoceros,sp,UNC1202,MMETSP,Mediophyceae,marine,NA,NA,"33,902,362","3,187,142","4,539",0,0,0,"15,557,044",strict,3.5,"23,053","15,014,830",0.47,901,82,55.1,0.26,230,53.6,
corethron,corethron,,,MMETSP,Coscinodiscophyceae,marine,NA,NA,"108,182,352","10,145,743","2,305",0,0,0,"53,821,374",strict,1.5,"88,108","56,849,297",0.51,930,69,59.9,0.19,292,68.1,
Corethron_hystrix.308,Corethron,hystrix,308,MMETSP,Coscinodiscophyceae,marine,NA,NA,"23,183,502","8,029,673",3,0,0,0,"11,359,709",strict,12.6,"41,658","49,158,109",0.46,1755,85,57.9,0.27,309,72.0,
cosc_wail,cosc,wail,,MMETSP,Coscinodiscophyceae,marine,NA,NA,"66,050,422","6,624,691",236,0,0,0,"32,989,579",strict,1.6,"65,701","39,006,134",0.46,810,73,64.9,0.24,293,68.3,
Craspedostauros_australis.CCMP3328,Craspedostauros,australis,CCMP3328,MMETSP,,,NA,NA,"53,490,740","4,642,679","2,009",0,0,0,"26,627,432",strict,1.2,"24,420","18,877,153",0.54,1105,87,55.9,0.32,183,42.7,
Cyclophora_tenuis.ECT3854,Cyclophora,tenuis,ECT3854,MMETSP,,,NA,NA,"41,785,364","3,690,290",450,0,0,0,"20,762,837",strict,0.9,"25,302","17,459,818",0.49,950,84,57.4,0.26,216,50.4,
Cyclotella_meneghiniana.CCMP338,Cyclotella,meneghiniana,CCMP338,MMETSP,Mediophyceae,,NA,NA,"84,637,736","7,917,028",152,0,0,0,"42,178,080",strict,2.0,"31,368","40,783,521",0.44,2027,87,60.2,0.36,311,72.5,
Cylindrotheca_closterium.KMMCC_B-181,Cylindrotheca,closterium,KMMCC_B-181,MMETSP,Bacillariophyceae (raphid),,NA,NA,"34,126,456","12,198,547",26,0,0,0,"16,689,263",strict,17.0,"44,644","54,076,040",0.46,1898,90,65.5,0.27,332,77.4,
Dactyliosolen_fragilissimus.MMETSP0580,Dactyliosolen,fragilissimus,MMETSP0580,MMETSP,,,NA,NA,"39,877,006","2,637,617",590,0,0,0,"19,823,609",strict,1.5,"23,001","23,338,566",0.39,1517,87,59.1,0.41,294,68.5,
Detonula_confervacea.CCMP353,Detonula,confervacea,CCMP353,MMETSP,Mediophyceae,marine,NA,NA,"66,235,192","6,160,776",251,0,0,0,"32,496,250",strict,1.5,"32,952","38,245,614",0.47,1789,89,62.6,0.39,323,75.3,
Ditylum_brightwellii.GSO103,Ditylum,brightwellii,GSO103,MMETSP,Mediophyceae,marine,NA,NA,"172,298,488","21,819,926","11,666",0,0,0,"80,900,545",strict,24.5,"58,891","61,467,724",0.42,1722,89,67.6,0.26,323,75.3,
Ditylum_brightwellii.GSO105,Ditylum,brightwellii,GSO105,MMETSP,Mediophyceae,marine,NA,NA,"135,355,310","14,402,522",263,0,0,0,"63,798,429",strict,0.5,"40,746","43,476,496",0.42,1733,89,65.9,0.34,303,70.6,
Ditylum_brightwellii.Pop1_SS4,Ditylum,brightwellii,Pop1_SS4,MMETSP,Mediophyceae,marine,NA,NA,"80,762,124","8,173,927",178,0,0,0,"39,780,457",strict,0.7,"42,371","38,583,665",0.42,1418,86,66.5,0.33,315,73.4,
Ditylum_brightwellii.Pop2_SS10,Ditylum,brightwellii,Pop2_SS10,MMETSP,Mediophyceae,marine,NA,NA,"85,924,364","8,597,702",188,0,0,0,"42,681,537",strict,0.6,"40,154","38,545,123",0.42,1502,87,66.4,0.35,315,73.4,
Entomoneis_sp.CCMP2396,Entomoneis,sp,CCMP2396,MMETSP,Bacillariophyceae (raphid),marine,NA,NA,"58,209,366","4,445,093","13,723",0,0,0,"29,020,161",strict,0.8,"21,801","14,711,722",0.45,984,90,54.5,0.34,207,48.3,
Eucampia_antarctica.CCMP1452,Eucampia,antarctica,CCMP1452,MMETSP,,,NA,NA,"21,265,386","1,413,974","1,590",0,0,0,"10,536,210",strict,0.9,"31,371","18,229,867",0.40,778,78,56.4,0.29,275,64.1,
Extubocellulus_spinifer.CCMP396,Extubocellulus,spinifer,CCMP396,MMETSP,,,NA,NA,"220,566,792","19,429,588","5,888",0,0,0,"106,032,824",strict,1.1,"35,266","52,570,243",0.51,2636,86,59.6,0.31,325,75.8,
Fragilariopsis_kerguelensis.L26-C5,Fragilariopsis,kerguelensis,L26-C5,MMETSP,Bacillariophyceae (raphid),,NA,NA,"184,832,956","10,255,309","2,583",0,0,0,"91,475,202",strict,1.1,"97,518","72,082,779",0.41,1159,75,63.1,0.19,310,72.3,
Fragilariopsis_kerguelensis.L2-C3,Fragilariopsis,kerguelensis,L2-C3,MMETSP,Bacillariophyceae (raphid),,NA,NA,"173,162,886","13,498,166","1,661",0,0,0,"81,980,480",strict,0.9,"99,441","69,730,135",0.40,1081,76,62.3,0.17,314,73.2,
Grammatophora_oceanica.CCMP410.1,Grammatophora,oceanica,CCMP410,MMETSP,,,NA,NA,"31,641,830","2,805,034","3,091",0,0,0,"15,718,683",strict,1.3,"53,972","35,360,711",0.49,953,76,65.6,0.27,244,56.9,
Helicotheca_tamesis.CCMP826.1,Helicotheca,tamesis,CCMP826,MMETSP,Mediophyceae,,NA,NA,"39,953,914","3,333,958","2,476",0,0,0,"19,745,316",strict,3.1,"20,056","14,413,069",0.44,1069,89,44.4,0.41,156,36.4,
Leptocylindrus_aporus.B651,Leptocylindrus,aporus,B651,MMETSP,Coscinodiscophyceae,marine,NA,NA,"56,005,576","5,270,991",281,0,0,0,"27,889,267",strict,0.9,"22,560","22,218,464",0.41,1504,91,55.8,0.42,297,69.2,
Leptocylindrus_danicus.B650,Leptocylindrus,danicus,B650,MMETSP,Coscinodiscophyceae,marine,NA,NA,"61,823,284","5,553,612",68,0,0,0,"30,769,366",strict,0.9,"32,994","28,326,771",0.45,1310,85,59.7,0.31,316,73.7,
Leptocylindrus_danicus.CCMP1856,Leptocylindrus,danicus,CCMP1856,MMETSP,Coscinodiscophyceae,marine,NA,NA,"39,861,406","4,112,883",231,0,0,0,"19,901,216",strict,1.3,"28,970","26,956,045",0.45,1448,83,59.8,0.36,305,71.1,
Licmophora_paradoxa.CCMP2313,Licmophora,paradoxa,CCMP2313,MMETSP,,,NA,NA,"31,537,530","2,424,492",693,0,0,0,"15,278,501",strict,1.5,"41,807","27,663,631",0.45,927,77,65.3,0.26,255,59.4,
Minutocellus_polymorphus.CCMP3303,Minutocellus,polymorphus,CCMP3303,MMETSP,,,NA,NA,"26,950,870","2,164,659","11,117",0,0,0,"13,403,168",strict,1.0,"19,891","11,197,042",0.51,715,84,44.1,0.30,114,26.6,
Minutocellus_polymorphus.NH13,Minutocellus,polymorphus,NH13,MMETSP,,,NA,NA,"69,826,230","8,561,440",604,0,0,0,"34,337,526",strict,0.5,"34,212","36,288,884",0.54,1635,89,64.1,0.35,322,75.1,
Minutocellus_polymorphus.RCC2270,Minutocellus,polymorphus,RCC2270,MMETSP,,,NA,NA,"22,385,782","1,899,451",377,0,0,0,"10,748,932",strict,1.5,"30,458","22,611,803",0.55,1091,82,60.6,0.35,263,61.3,
Nitzschia.RCC80,Nitzschia,,RCC80,MMETSP,Bacillariophyceae (raphid),,NA,NA,"33,551,928","12,500,885",6,0,0,0,"16,212,508",strict,13.3,"60,610","83,401,814",0.47,2248,87,68.3,0.27,317,73.9,
Odontella_aurita.1302-5,Odontella,aurita,1302-5,MMETSP,,,NA,NA,"42,084,656","17,445,034",10,0,0,0,"20,676,632",strict,18.9,"60,970","64,870,147",0.56,1666,89,68.8,0.28,319,74.4,
Odontella_sinensis.Grunow_1884,Odontella,sinensis,Grunow_1884,MMETSP,,,NA,NA,"49,162,656","8,016,115","8,695",0,0,0,"24,378,543",strict,2.1,"39,524","24,408,941",0.55,862,85,62.7,0.35,273,63.6,
Proboscia_alata.PI-D3,Proboscia,alata,PI-D3,MMETSP,,,NA,NA,"102,827,196","7,637,649","1,631",0,0,0,"51,214,671",strict,1.4,"70,488","58,653,767",0.43,1290,81,64.1,0.28,323,75.3,
Proboscia_inermis.CCAP1064_1,Proboscia,inermis,CCAP1064_1,MMETSP,,,NA,NA,"51,566,466","3,107,336",161,0,0,0,"21,764,674",strict,0.5,"53,536","32,337,217",0.42,841,77,59.5,0.24,258,60.1,
Pseudo-nitzschia_arenyensis.B593,Pseudo-nitzschia,arenyensis,B593,MMETSP,Bacillariophyceae (raphid),,NA,NA,"81,261,756","6,379,716",65,0,0,0,"40,267,163",strict,1.3,"25,781","27,145,378",0.46,1581,93,64.7,0.44,296,69.0,
Pseudo-nitzschia_australis.10249_10_AB,Pseudo-nitzschia,australis,10249_10_AB,MMETSP,Bacillariophyceae (raphid),,NA,NA,"258,984,730","24,370,530","3,272",0,0,0,"128,904,742",strict,1.1,"30,823","37,714,384",0.47,2190,90,61.4,0.30,317,73.9,
Pseudo-nitzschia_delicatissima.B596,Pseudo-nitzschia,delicatissima,B596,MMETSP,Bacillariophyceae (raphid),,NA,NA,"76,463,666","6,583,118",157,0,0,0,"38,036,065",strict,0.8,"21,463","26,407,330",0.47,1837,94,63.6,0.45,313,73.0,
Pseudo-nitzschia_delicatissima.UNC1205,Pseudo-nitzschia,delicatissima,UNC1205,MMETSP,Bacillariophyceae (raphid),,NA,NA,"26,599,860","2,625,320","4,040",0,0,0,"13,218,592",strict,2.2,"21,780","19,477,193",0.48,1308,90,63.7,0.38,287,66.9,
Pseudo-nitzschia_fraudulenta.WWA7,Pseudo-nitzschia,fraudulenta,WWA7,MMETSP,Bacillariophyceae (raphid),,NA,NA,"180,705,122","17,508,687","6,881",0,0,0,"86,267,270",strict,0.8,"124,647","85,798,607",0.55,1152,82,62.6,0.27,329,76.7,
Pseudo-nitzschia_heimii.UNC1101,Pseudo-nitzschia,heimii,UNC1101,MMETSP,Bacillariophyceae (raphid),,NA,NA,"34,362,058","2,971,825",524,0,0,0,"17,150,207",strict,1.2,"28,070","28,072,211",0.50,1603,91,63.0,0.44,305,71.1,
Pseudo-nitzschia_pungens_cf_cingulata.MMETSP1060,Pseudo-nitzschia,pungens cf. cingulata,MMETSP1060,MMETSP,Bacillariophyceae (raphid),,NA,NA,"75,981,556","7,498,912",255,0,0,0,"37,585,798",strict,1.2,"28,553","33,250,139",0.49,2015,90,61.2,0.39,312,72.7,
Pseudo-nitzschia_pungens_cf_cingulata.MMETSP1061,Pseudo-nitzschia,pungens cf. cingulata,MMETSP1061,MMETSP,Bacillariophyceae (raphid),,NA,NA,"70,282,828","6,605,723",401,0,0,0,"34,779,491",strict,1.2,"33,333","31,157,151",0.50,1504,89,63.1,0.35,301,70.2,
Rhizosolenia_setigera.CCMP1694,Rhizosolenia,setigera,CCMP1694,MMETSP,Coscinodiscophyceae,,NA,NA,"53,486,746","3,727,441",151,0,0,0,"26,480,029",strict,0.4,"33,945","30,357,716",0.39,1383,87,59.7,0.34,322,75.1,
Skeletonema_costatum.1716,Skeletonema,costatum,1716,MMETSP,Mediophyceae,,NA,NA,"36,792,038","12,592,095",10,0,0,0,"17,588,133",strict,25.2,"37,305","46,220,478",0.45,1976,91,59.7,0.30,320,74.6,
Skeletonema_dohrnii.SkelB,Skeletonema,dohrnii,SkelB,MMETSP,Mediophyceae,,NA,NA,"102,486,008","9,258,937",923,0,0,0,"50,717,380",strict,0.9,"41,468","34,287,316",0.47,1341,84,60.0,0.29,308,71.8,
Skeletonema_grathae.CCMP1804,Skeletonema,grathae,CCMP1804,MMETSP,Mediophyceae,,NA,NA,"51,974,608","3,656,094","1,350",0,0,0,"25,269,617",strict,1.6,"28,335","21,063,328",0.45,1095,83,51.7,0.31,216,50.4,
Skeletonema_japonicum.CCMP2506,Skeletonema,japonicum,CCMP2506,MMETSP,Mediophyceae,,NA,NA,"48,799,700","3,542,466",829,0,0,0,"23,724,431",strict,1.1,"30,355","26,411,463",0.45,1314,85,59.0,0.33,273,63.6,
Skeletonema_marinoi.FE60,Skeletonema,marinoi,FE60,MMETSP,Mediophyceae,,NA,NA,"61,360,584","4,482,207",74,0,0,0,"30,505,152",strict,0.8,"26,205","22,115,640",0.46,1309,89,51.3,0.41,205,47.8,
Skeletonema_marinoi.FE7,Skeletonema,marinoi,FE7,MMETSP,Mediophyceae,,NA,NA,"62,564,598","4,703,557",85,0,0,0,"31,153,359",strict,0.8,"29,293","24,851,735",0.45,1299,88,55.5,0.39,224,52.2,
Skeletonema_marinoi.skelA,Skeletonema,marinoi,skelA,MMETSP,Mediophyceae,,NA,NA,"121,753,790","8,491,050","1,999",0,0,0,"60,460,212",strict,1.3,"36,517","30,076,191",0.45,1269,86,59.1,0.27,294,68.5,
Skeletonema_marinoi.SM1012Den-03,Skeletonema,marinoi,SM1012Den-03,MMETSP,Mediophyceae,,NA,NA,"84,894,666","7,421,271",80,0,0,0,"42,269,385",strict,0.7,"32,299","32,665,577",0.45,1541,87,59.2,0.36,292,68.1,
Skeletonema_marinoi.SM1012Hels-07,Skeletonema,marinoi,SM1012Hels-07,MMETSP,Mediophyceae,,NA,NA,"78,338,350","6,866,968",683,0,0,0,"38,877,713",strict,1.3,"31,688","32,181,161",0.45,1549,87,59.3,0.37,309,72.0,
Skeletonema_marinoi.UNC1201,Skeletonema,marinoi,UNC1201,MMETSP,Mediophyceae,,NA,NA,"41,858,340","4,075,062",441,0,0,0,"20,728,843",strict,1.1,"32,504","25,251,204",0.46,1150,85,58.9,0.32,295,68.8,
Skeletonema_menzellii.CCMP793,Skeletonema,menzellii,CCMP793,MMETSP,Mediophyceae,,NA,NA,"119,456,266","16,374,368","3,352",0,0,0,"59,372,045",strict,1.6,"25,322","30,492,506",0.45,1821,90,58.7,0.41,317,73.9,
Stauroneis_constricta.CCMP1120,Stauroneis,constricta,CCMP1120,MMETSP,,,NA,NA,"43,024,424","3,487,138",483,0,0,0,"21,346,853",strict,1.4,"27,987","24,012,355",0.53,1448,82,48.9,0.31,218,50.8,
Staurosira.CCMP2646,Staurosira,,CCMP2646,MMETSP,,,NA,NA,"52,978,202","3,390,240","3,704",0,0,0,"25,593,036",strict,3.1,"31,569","29,943,079",0.46,1365,86,70.5,0.37,321,74.8,
Stephanopyxis_turris.CCMP815,Stephanopyxis,turris,CCMP815,MMETSP,,,NA,NA,"28,656,286","2,605,236","2,018",0,0,0,"14,270,896",strict,1.3,"55,802","36,433,916",0.47,988,82,62.4,0.39,282,65.7,
Striatella_unipunctata.CCMP2910,Striatella,unipunctata,CCMP2910,MMETSP,,,NA,NA,"48,336,382","4,431,900",907,0,0,0,"23,778,608",strict,1.7,"36,702","25,076,559",0.45,967,79,58.7,0.25,241,56.2,
Synedropsis_cf_recta.CCMP1620,Synedropsis,cf. recta,CCMP1620,MMETSP,,,NA,NA,"38,721,628","2,934,251",294,0,0,0,"19,293,953",strict,1.1,"33,301","24,437,726",0.49,1086,87,65.9,0.40,246,57.3,
Thalassionema_frauenfeldii.CCMP1798,Thalassionema,frauenfeldii,CCMP1798,MMETSP,,,NA,NA,"51,370,380","4,068,185",219,0,0,0,"25,448,527",strict,0.6,"33,391","34,803,009",0.42,1566,90,66.4,0.43,325,75.8,
Thalassionema_nitzschioides.MMETSP0693.1,Thalassionema,nitzschioides,MMETSP0693,MMETSP,,,NA,NA,"10,159,376","682,500",50,0,0,0,"4,910,373",strict,0.2,"2,540","958,151",0.44,397,56,10.6,0.14,31,7.2,
Thalassionema_nitzschioides.MMETSP0693.2,Thalassionema,nitzschioides,MMETSP0693,MMETSP,,,NA,NA,"590,496","80,751",0,0,0,0,"287,422",strict,60.1,"9,400","3,660,983",0.44,413,84,29.3,0.30,75,17.5,
Thalassiosira_antarctica.CCMP982,Thalassiosira,antarctica,CCMP982,MMETSP,Mediophyceae,marine,NA,NA,"168,682,654","13,308,957","1,794",0,0,0,"79,780,182",strict,1.0,"50,987","54,520,506",0.47,1741,84,64.9,0.30,309,72.0,
Thalassiosira_FW,Thalassiosira,FW,,MMETSP,Mediophyceae,,NA,NA,"71,784,940","7,482,712",551,0,0,0,"35,771,391",strict,1.4,"21,708","26,940,085",0.48,1904,91,57.7,0.48,310,72.3,
Thalassiosira_gravida.GMp14c1,Thalassiosira,gravida,GMp14c1,MMETSP,Mediophyceae,,NA,NA,"118,019,820","9,366,325","2,236",0,0,0,"57,730,768",strict,1.6,"39,016","41,061,207",0.48,1732,88,60.9,0.34,286,66.7,
Thalassiosira_miniscula.CCMP1093,Thalassiosira,miniscula,CCMP1093,MMETSP,Mediophyceae,marine,NA,NA,"205,386,532","14,690,172","2,304",0,0,0,"99,000,079",strict,1.3,"71,662","67,905,253",0.50,1558,71,65.3,0.23,311,72.5,
Thalassiosira_NH16,Thalassiosira,NH16,,MMETSP,Mediophyceae,,NA,NA,"71,991,492","8,692,924",80,0,0,0,"35,684,431",strict,0.6,"39,497","38,539,499",0.52,1438,86,62.6,0.36,304,70.9,
Thalassiosira_nitzschioides,Thalassionema,nitzschioides,,MMETSP,Mediophyceae,,NA,NA,"109,633,840","7,892,918",987,0,0,0,"54,659,715",strict,1.0,"31,043","38,066,112",0.43,1785,91,65.6,0.40,322,75.1,
Thalassiosira_oceanica.CCMP1005,Thalassiosira,oceanica,CCMP1005,MMETSP,Mediophyceae,marine,NA,NA,"186,437,456","16,443,765",884,0,0,0,"92,219,531",strict,0.8,"38,140","44,702,404",0.56,1903,86,57.8,0.29,308,71.8,
Thalassiosira_punctigera.Tpunct2005C2,Thalassiosira,punctigera,Tpunct2005C2,MMETSP,Mediophyceae,marine,NA,NA,"56,431,354","6,877,548",94,0,0,0,"28,039,515",strict,0.5,"59,703","42,171,442",0.55,1059,77,63.7,0.29,311,72.5,
Thalassiosira_rotula.CCMP3096,Thalassiosira,rotula,CCMP3096,MMETSP,Mediophyceae,marine,NA,NA,"133,260,518","12,721,138","1,993",0,0,0,"66,294,809",strict,0.9,"39,881","45,510,280",0.49,1757,89,63.4,0.36,308,71.8,
Thalassiosira_rotula.GSO102,Thalassiosira,rotula,GSO102,MMETSP,Mediophyceae,marine,NA,NA,"118,583,440","9,524,909","4,232",0,0,0,"57,779,349",strict,1.8,"42,064","38,904,599",0.49,1436,89,62.5,0.32,301,70.2,
Thalassiosira_weissflogii.CCMP1010,Thalassiosira,weissflogii,CCMP1010,MMETSP,Mediophyceae,,NA,NA,"198,627,108","14,097,498","1,532",0,0,0,"96,749,205",strict,0.5,"27,664","41,575,581",0.46,2326,91,60.3,0.41,314,73.2,
Thalassiothrix_antarctica.L6-D1,Thalassiothrix,antarctica,L6-D1,MMETSP,,,NA,NA,"92,826,148","6,148,115","2,551",0,0,0,"46,313,629",strict,1.0,"48,077","39,535,141",0.39,1220,84,66.9,0.31,315,73.4,
Triceratium_dubium.CCMP1175,Triceratium,dubium,CCMP1175,MMETSP,,,NA,NA,"29,340,896","2,521,461","4,267",0,0,0,"14,535,255",strict,0.8,"51,605","29,069,318",0.55,767,68,51.5,0.20,192,44.8,
Tryblionella_compresa.CCMP561,Tryblionella,compresa,CCMP561,MMETSP,,,NA,NA,"241,095,136","16,009,203","1,053",0,0,0,"118,235,475",strict,0.8,"31,174","35,182,453",0.46,1839,92,67.5,0.28,317,73.9,
